Age,Job,Saving accounts,Credit amount,Duration,Sex_female,Sex_male,Housing_free,Housing_own,Housing_rent,Purpose_business,Purpose_car,Purpose_domestic appliances,Purpose_education,Purpose_furniture/equipment,Purpose_radio/TV,Purpose_repairs,Purpose_vacation/others
22,2,0,5951,48,True,False,False,True,False,False,False,False,False,False,True,False,False
49,1,0,2096,12,False,True,False,True,False,False,False,False,True,False,False,False,False
53,2,0,4870,24,False,True,True,False,False,False,True,False,False,False,False,False,False
53,2,2,2835,24,False,True,False,True,False,False,False,False,False,True,False,False,False
35,3,0,6948,36,False,True,False,False,True,False,True,False,False,False,False,False,False
61,1,3,3059,12,False,True,False,True,False,False,False,False,False,False,True,False,False
28,3,0,5234,30,False,True,False,True,False,False,True,False,False,False,False,False,False
25,2,0,1295,12,True,False,False,False,True,False,True,False,False,False,False,False,False
24,2,0,4308,48,True,False,False,False,True,True,False,False,False,False,False,False,False
22,2,0,1567,12,True,False,False,True,False,False,False,False,False,False,True,False,False
60,1,0,1199,24,False,True,False,True,False,False,True,False,False,False,False,False,False
28,2,0,1403,15,True,False,False,False,True,False,True,False,False,False,False,False,False
32,1,1,1282,24,True,False,False,True,False,False,False,False,False,False,True,False,False
31,2,2,3430,24,False,True,False,True,False,False,False,False,False,False,True,False,False
48,2,0,2134,9,False,True,False,True,False,False,True,False,False,False,False,False,False
44,2,2,2647,6,False,True,False,False,True,False,False,False,False,False,True,False,False
48,1,0,2241,10,False,True,False,False,True,False,True,False,False,False,False,False,False
44,2,1,1804,12,False,True,False,True,False,False,True,False,False,False,False,False,False
36,1,0,1374,6,False,True,False,True,False,False,False,False,False,True,False,False,False
39,1,0,426,6,False,True,False,True,False,False,False,False,False,False,True,False,False
42,2,3,409,12,True,False,False,False,True,False,False,False,False,False,True,False,False
34,2,0,2415,7,False,True,False,True,False,False,False,False,False,False,True,False,False
63,2,0,6836,60,False,True,False,True,False,True,False,False,False,False,False,False,False
36,2,3,1913,18,False,True,False,True,False,True,False,False,False,False,False,False,False
27,2,0,4020,24,False,True,False,True,False,False,False,False,False,True,False,False,False
30,2,1,5866,18,False,True,False,True,False,False,True,False,False,False,False,False,False
33,3,0,1474,12,True,False,False,True,False,False,False,False,False,True,False,False,False
25,1,0,4746,45,False,True,False,True,False,False,False,False,False,False,True,False,False
31,2,0,6110,48,False,True,True,False,False,False,False,False,True,False,False,False,False
37,2,0,2100,18,False,True,False,True,False,False,False,False,False,False,True,False,False
37,2,0,1225,10,False,True,False,True,False,False,False,True,False,False,False,False,False
24,2,0,458,9,False,True,False,True,False,False,False,False,False,False,True,False,False
30,3,2,2333,30,False,True,False,True,False,False,False,False,False,False,True,False,False
26,2,2,1158,12,False,True,False,True,False,False,False,False,False,False,True,False,False
44,1,0,6204,18,False,True,False,True,False,False,False,False,False,False,False,True,False
24,2,1,6187,30,False,True,False,False,True,False,True,False,False,False,False,False,False
58,1,0,6143,48,True,False,True,False,False,False,True,False,False,False,False,False,False
35,3,0,1393,11,True,False,False,True,False,False,True,False,False,False,False,False,False
39,2,2,2299,36,False,True,False,True,False,False,False,False,False,False,True,False,False
23,0,2,1352,6,True,False,False,False,True,False,True,False,False,False,False,False,False
39,1,0,7228,11,False,True,False,True,False,False,True,False,False,False,False,False,False
28,2,1,2073,12,True,False,False,True,False,False,False,False,False,False,True,False,False
30,3,0,5965,27,False,True,False,True,False,False,True,False,False,False,False,False,False
25,2,0,1262,12,False,True,False,True,False,False,False,False,False,False,True,False,False
57,2,0,2225,36,False,True,True,False,False,False,True,False,False,False,False,False,False
23,3,0,1961,18,True,False,False,True,False,False,True,False,False,False,False,False,False
23,1,0,6229,36,True,False,False,False,True,False,False,False,False,True,False,False,False
27,2,0,1391,9,False,True,False,True,False,True,False,False,False,False,False,False,False
61,3,0,1953,36,False,True,True,False,False,True,False,False,False,False,False,False,False
26,2,0,3181,24,True,False,False,True,False,False,False,False,False,False,True,False,False
29,2,0,2171,12,True,False,False,True,False,False,False,False,False,False,True,False,False
22,2,3,1007,12,False,True,False,True,False,False,True,False,False,False,False,False,False
37,2,0,1819,36,False,True,True,False,False,False,False,False,True,False,False,False,False
51,3,0,1164,8,False,True,True,False,False,False,False,False,False,False,False,False,True
41,1,0,5954,42,True,False,False,True,False,True,False,False,False,False,False,False,False
66,3,0,1526,12,False,True,True,False,False,False,True,False,False,False,False,False,False
34,2,0,3965,42,False,True,False,True,False,False,False,False,False,False,True,False,False
51,2,0,4771,11,False,True,False,True,False,False,False,False,False,False,True,False,False
22,2,0,3832,30,False,True,False,True,False,False,False,False,False,True,False,False,False
47,2,2,1213,15,False,True,False,True,False,False,False,False,False,False,True,False,False
24,1,1,1568,18,True,False,False,False,True,True,False,False,False,False,False,False,False
58,1,0,1755,24,True,False,False,True,False,False,False,False,False,False,False,False,True
52,1,0,2315,10,False,True,False,True,False,False,False,False,False,False,True,False,False
29,3,0,1412,12,True,False,False,True,False,True,False,False,False,False,False,False,False
27,2,0,1295,18,True,False,False,True,False,False,False,False,False,True,False,False,False
30,3,1,2249,18,False,True,False,True,False,False,True,False,False,False,False,False,False
28,2,0,1108,12,False,True,False,True,False,False,False,False,False,False,False,True,False
56,2,0,618,12,False,True,False,True,False,False,False,False,False,False,True,False,False
54,2,0,1409,12,False,True,False,True,False,False,True,False,False,False,False,False,False
54,2,3,1318,12,False,True,False,True,False,False,True,False,False,False,False,False,False
34,2,1,2622,18,False,True,False,True,False,True,False,False,False,False,False,False,False
36,2,0,2337,36,False,True,False,True,False,False,False,False,False,False,True,False,False
41,1,1,1469,24,False,True,False,False,True,False,True,False,False,False,False,False,False
24,2,0,2323,36,False,True,False,False,True,False,False,False,False,False,True,False,False
24,2,0,932,6,True,False,False,True,False,False,False,False,False,False,True,False,False
35,2,0,1919,9,False,True,False,False,True,False,False,False,False,True,False,False,False
39,3,0,6458,18,False,True,False,True,False,False,True,False,False,False,False,False,False
32,2,0,6078,12,False,True,False,True,False,False,True,False,False,False,False,False,False
35,2,2,1410,14,False,True,False,True,False,True,False,False,False,False,False,False,False
31,2,1,1449,6,False,True,False,True,False,True,False,False,False,False,False,False,False
23,2,0,392,15,True,False,False,False,True,False,False,False,True,False,False,False,False
28,1,0,6260,18,False,True,False,False,True,False,True,False,False,False,False,False,False
35,2,2,1680,12,False,True,False,True,False,False,False,False,False,False,True,False,False
23,2,2,4281,33,True,False,False,True,False,False,False,False,False,True,False,False,False
36,3,2,2366,12,False,True,False,True,False,False,True,False,False,False,False,False,False
25,2,0,1835,21,True,False,False,True,False,False,False,False,False,False,True,False,False
41,3,0,3868,24,True,False,False,False,True,False,True,False,False,False,False,False,False
24,1,0,1768,12,False,True,False,False,True,False,False,False,False,True,False,False,False
63,2,0,781,10,False,True,True,False,False,False,True,False,False,False,False,False,False
30,2,0,2121,12,False,True,False,True,False,False,True,False,False,False,False,False,False
40,1,0,701,12,False,True,False,True,False,False,False,False,False,False,True,False,False
30,2,0,639,12,False,True,False,True,False,False,False,False,False,False,False,True,False
34,3,0,1860,12,False,True,False,True,False,False,True,False,False,False,False,False,False
29,2,0,3499,12,True,False,False,True,False,False,True,False,False,False,False,False,False
29,2,0,6887,36,False,True,False,True,False,False,False,False,True,False,False,False,False
27,1,0,2708,15,False,True,False,True,False,False,False,False,False,True,False,False,False
47,2,0,1984,18,False,True,True,False,False,False,False,False,False,True,False,False,False
66,1,2,766,12,False,True,False,True,False,False,False,False,False,False,True,False,False
44,1,0,1881,12,True,False,False,False,True,False,False,False,False,False,True,False,False
27,0,3,709,6,False,True,False,True,False,False,True,False,False,False,False,False,False
30,3,0,4795,36,True,False,False,True,False,False,False,False,False,False,True,False,False
27,3,0,3416,27,False,True,False,True,False,False,False,False,False,False,True,False,False
22,2,0,2462,18,False,True,False,True,False,False,False,False,False,True,False,False,False
23,2,0,2288,21,True,False,False,True,False,False,False,False,False,True,False,False,False
30,2,1,3566,48,False,True,False,True,False,True,False,False,False,False,False,False,False
39,2,0,860,6,True,False,False,True,False,False,True,False,False,False,False,False,False
51,2,1,682,12,True,False,False,True,False,False,True,False,False,False,False,False,False
28,2,0,5371,36,False,True,False,True,False,False,False,False,False,True,False,False,False
46,2,3,1582,18,False,True,False,True,False,False,False,False,False,False,True,False,False
42,2,1,1346,6,False,True,True,False,False,False,False,False,False,False,True,False,False
38,2,0,1924,10,False,True,False,True,False,False,False,False,False,False,True,False,False
24,2,0,5848,36,False,True,False,True,False,False,False,False,False,False,True,False,False
36,3,1,6967,24,False,True,False,False,True,True,False,False,False,False,False,False,False
20,2,0,1282,12,True,False,False,False,True,False,False,False,False,True,False,False,False
48,2,1,1288,9,False,True,False,True,False,False,False,False,False,False,False,True,False
45,1,0,339,12,False,True,False,True,False,False,False,False,True,False,False,False,False
38,2,1,3512,24,False,True,False,True,False,False,True,False,False,False,False,False,False
36,2,1,2872,24,False,True,False,True,False,False,False,False,False,False,True,False,False
30,2,0,1055,18,True,False,False,True,False,False,True,False,False,False,False,False,False
36,2,2,1262,15,False,True,False,True,False,False,False,True,False,False,False,False,False
70,3,0,7308,10,False,True,True,False,False,False,True,False,False,False,False,False,False
36,2,2,909,36,False,True,False,True,False,False,True,False,False,False,False,False,False
32,2,2,2978,6,False,True,False,True,False,False,False,False,False,True,False,False,False
33,2,0,1131,18,True,False,False,True,False,False,False,False,False,True,False,False,False
20,2,3,1577,11,True,False,False,True,False,False,False,False,False,True,False,False,False
25,2,0,3972,24,True,False,False,False,True,False,False,False,False,True,False,False,False
31,2,0,1935,24,False,True,False,True,False,True,False,False,False,False,False,False,False
33,2,0,950,15,False,True,False,False,True,False,True,False,False,False,False,False,False
26,2,0,763,12,True,False,False,True,False,False,False,False,False,True,False,False,False
34,3,0,2064,24,True,False,False,True,False,False,False,False,False,True,False,False,False
33,2,0,1414,8,False,True,False,True,False,False,False,False,False,False,True,False,False
26,2,0,3414,21,False,True,False,True,False,False,False,False,True,False,False,False,False
42,2,0,2577,12,False,True,False,True,False,False,False,False,False,True,False,False,False
52,2,2,338,6,False,True,False,True,False,False,False,False,False,False,True,False,False
31,3,0,1963,12,False,True,False,False,True,False,False,False,False,False,True,False,False
65,2,0,571,21,False,True,False,True,False,False,True,False,False,False,False,False,False
30,3,0,4455,36,False,True,False,True,False,True,False,False,False,False,False,False,False
50,2,3,3777,24,False,True,False,True,False,False,False,False,False,True,False,False,False
36,2,0,884,18,False,True,False,True,False,False,True,False,False,False,False,False,False
31,2,0,1360,15,False,True,False,True,False,False,False,False,False,False,True,False,False
74,3,0,5129,9,True,False,True,False,False,False,True,False,False,False,False,False,False
68,0,0,1175,16,False,True,True,False,False,False,True,False,False,False,False,False,False
20,2,1,674,12,False,True,False,True,False,False,False,False,False,False,True,False,False
33,2,0,3244,18,True,False,False,True,False,False,False,False,False,True,False,False,False
54,3,3,4591,24,False,True,False,True,False,True,False,False,False,False,False,False,False
34,1,1,3844,48,False,True,True,False,False,True,False,False,False,False,False,False,False
36,2,0,3915,27,False,True,False,True,False,True,False,False,False,False,False,False,False
29,2,0,2108,6,False,True,False,False,True,False,False,False,False,False,True,False,False
21,2,1,3031,45,False,True,False,False,True,False,False,False,False,False,True,False,False
34,3,0,1501,9,True,False,False,True,False,False,False,False,True,False,False,False,False
28,2,0,1382,6,True,False,False,True,False,False,False,False,False,False,True,False,False
27,2,1,951,12,True,False,False,False,True,False,False,False,False,True,False,False,False
40,3,0,4297,18,False,True,False,True,False,False,False,False,False,True,False,False,False
52,2,2,936,9,False,True,False,True,False,False,False,False,True,False,False,False,False
27,1,0,1168,12,False,True,False,True,False,False,True,False,False,False,False,False,False
26,2,0,5117,27,False,True,False,True,False,True,False,False,False,False,False,False,False
21,2,0,902,12,False,True,False,False,True,False,False,False,True,False,False,False,False
38,1,0,1495,12,False,True,False,True,False,False,True,False,False,False,False,False,False
43,2,0,1935,12,False,True,False,True,False,False,False,False,False,True,False,False,False
26,2,0,1424,12,False,True,False,True,False,False,False,True,False,False,False,False,False
21,1,0,6568,24,False,True,False,True,False,True,False,False,False,False,False,False,False
55,2,3,1413,12,False,True,False,True,False,False,True,False,False,False,False,False,False
50,2,0,5293,27,False,True,False,True,False,True,False,False,False,False,False,False,False
66,3,0,1908,30,False,True,False,True,False,True,False,False,False,False,False,False,False
31,2,0,3104,18,False,True,False,True,False,True,False,False,False,False,False,False,False
23,2,0,3913,36,False,True,False,True,False,False,False,False,False,False,True,False,False
24,1,0,3021,24,False,True,False,False,True,False,False,False,False,True,False,False,False
64,2,0,1364,10,True,False,False,True,False,False,True,False,False,False,False,False,False
26,1,0,625,12,False,True,False,True,False,False,False,False,False,False,True,False,False
30,2,0,707,12,False,True,False,True,False,False,False,False,False,False,True,False,False
30,2,0,4657,15,False,True,False,True,False,False,True,False,False,False,False,False,False
27,2,0,2613,36,False,True,False,True,False,False,False,False,False,False,False,True,False
22,2,0,1478,9,False,True,False,True,False,False,False,False,False,False,True,False,False
22,2,0,3149,24,False,True,True,False,False,False,False,False,False,True,False,False,False
26,2,0,4210,36,False,True,False,True,False,False,False,False,False,False,True,False,False
51,1,2,2507,9,False,True,True,False,False,False,True,False,False,False,False,False,False
35,2,1,2141,12,False,True,False,True,False,False,False,False,False,False,True,False,False
25,1,0,866,18,False,True,False,True,False,False,False,False,False,False,True,False,False
42,1,0,1544,4,False,True,False,True,False,False,False,False,False,False,True,False,False
30,3,0,1823,24,False,True,False,True,False,False,False,False,False,False,True,False,False
61,1,1,2767,21,False,True,False,False,True,True,False,False,False,False,False,False,False
35,2,0,1291,12,True,False,False,True,False,False,False,False,False,False,True,False,False
39,2,0,2522,30,False,True,False,True,False,False,False,False,False,False,True,False,False
51,2,0,1595,6,False,True,False,True,False,False,False,False,False,False,True,False,False
24,2,0,4605,48,False,True,True,False,False,False,True,False,False,False,False,False,False
27,2,0,1185,12,True,False,False,True,False,True,False,False,False,False,False,False,False
35,1,2,3447,12,True,False,False,True,False,False,False,False,True,False,False,False,False
25,2,0,1258,24,False,True,False,True,False,True,False,False,False,False,False,False,False
52,2,0,717,12,False,True,False,True,False,False,False,False,False,False,True,False,False
35,2,1,1204,6,False,True,False,False,True,False,True,False,False,False,False,False,False
26,2,0,1925,24,False,True,False,True,False,False,False,False,False,True,False,False,False
22,2,0,433,18,True,False,False,False,True,False,False,False,False,False,True,False,False
39,1,3,666,6,True,False,False,True,False,False,True,False,False,False,False,False,False
46,1,0,2251,12,True,False,False,True,False,False,False,False,False,True,False,False,False
24,2,0,2150,30,True,False,False,True,False,False,True,False,False,False,False,False,False
35,2,1,4151,24,False,True,False,True,False,False,False,False,False,True,False,False,False
35,1,0,2684,24,False,True,False,True,False,False,False,False,False,False,True,False,False
29,2,0,2149,12,False,True,True,False,False,False,False,False,False,False,True,False,False
23,2,1,3812,15,True,False,False,True,False,False,True,False,False,False,False,False,False
57,1,1,1154,11,True,False,False,True,False,False,False,False,False,False,True,False,False
27,2,0,1657,12,False,True,False,True,False,False,False,False,False,True,False,False,False
55,2,0,1603,24,True,False,False,True,False,False,False,False,False,False,True,False,False
36,3,0,5302,18,False,True,True,False,False,False,True,False,False,False,False,False,False
57,1,0,2748,12,True,False,True,False,False,False,False,False,True,False,False,False,False
32,1,0,1231,10,False,True,False,True,False,False,True,False,False,False,False,False,False
37,2,0,802,15,False,True,False,True,False,False,False,False,False,False,True,False,False
38,2,0,1533,24,True,False,False,True,False,False,False,False,False,False,True,False,False
37,2,2,1402,12,True,False,False,False,True,False,False,False,False,True,False,False,False
28,2,0,3060,48,False,True,False,True,False,False,False,False,False,False,True,False,False
32,2,0,2697,9,False,True,False,True,False,False,False,False,False,False,True,False,False
26,2,0,2404,18,True,False,False,True,False,False,False,False,False,False,True,False,False
32,2,0,4611,6,True,False,False,True,False,False,False,False,False,True,False,False,False
29,3,1,1901,24,False,True,False,False,True,False,False,False,False,False,True,False,False
23,2,3,3368,15,False,True,False,False,True,False,True,False,False,False,False,False,False
50,2,0,1574,12,False,True,False,True,False,False,False,False,False,True,False,False,False
37,2,1,3878,24,False,True,False,True,False,False,True,False,False,False,False,False,False
26,2,0,4788,48,False,True,False,True,False,False,True,False,False,False,False,False,False
31,3,1,7582,48,False,True,True,False,False,False,False,False,False,False,False,False,True
49,2,0,1092,12,True,False,False,True,False,False,False,False,False,False,True,False,False
48,2,0,1024,24,False,True,False,True,False,False,False,False,False,False,True,False,False
26,2,0,1076,12,False,True,False,True,False,True,False,False,False,False,False,False,False
44,3,0,6419,24,True,False,True,False,False,False,True,False,False,False,False,False,False
56,2,0,4796,42,False,True,True,False,False,False,True,False,False,False,False,False,False
43,2,0,2515,18,False,True,False,True,False,False,False,False,False,True,False,False,False
32,2,3,2745,21,False,True,False,True,False,False,False,False,False,True,False,False,False
54,0,0,672,6,True,False,False,True,False,False,True,False,False,False,False,False,False
42,2,0,3804,36,True,False,False,True,False,False,False,False,False,False,True,False,False
49,2,0,1038,10,False,True,False,True,False,False,True,False,False,False,False,False,False
33,2,3,1543,6,False,True,False,True,False,False,False,False,False,True,False,False,False
33,1,1,727,12,False,True,False,True,False,False,False,False,False,False,True,False,False
24,2,0,1237,8,True,False,False,True,False,False,False,False,False,True,False,False,False
22,1,0,276,9,False,True,False,False,True,False,True,False,False,False,False,False,False
25,2,1,5511,24,False,True,False,True,False,False,False,False,False,True,False,False,False
26,2,0,3749,24,True,False,False,True,False,False,False,False,False,True,False,False,False
25,1,0,685,12,False,True,False,True,False,False,True,False,False,False,False,False,False
31,2,0,2746,36,False,True,False,True,False,False,False,False,False,True,False,False,False
38,1,0,708,12,False,True,False,True,False,False,False,False,False,True,False,False,False
32,2,0,701,12,False,True,False,True,False,False,False,False,True,False,False,False,False
27,1,0,3643,15,True,False,False,True,False,False,False,False,False,True,False,False,False
28,3,0,4249,30,False,True,False,True,False,False,True,False,False,False,False,False,False
32,2,0,1938,24,False,True,False,True,False,False,False,False,False,False,True,False,False
34,3,0,2910,24,False,True,True,False,False,False,True,False,False,False,False,False,False
28,2,3,2659,18,False,True,False,True,False,False,False,False,False,True,False,False,False
36,2,0,1028,18,True,False,False,True,False,False,True,False,False,False,False,False,False
39,1,0,3398,8,False,True,False,True,False,False,True,False,False,False,False,False,False
34,2,3,1525,24,True,False,False,True,False,False,True,False,False,False,False,False,False
31,2,0,4473,36,False,True,False,True,False,False,False,False,False,False,True,False,False
28,2,0,1068,6,False,True,False,True,False,False,False,False,False,False,True,False,False
75,3,0,6615,24,False,True,True,False,False,False,True,False,False,False,False,False,False
30,2,1,1864,18,True,False,False,True,False,False,False,False,True,False,False,False,False
24,3,1,7408,60,True,False,False,True,False,False,True,False,False,False,False,False,False
23,2,0,4110,24,False,True,False,False,True,False,False,False,False,True,False,False,False
44,3,0,3384,6,False,True,False,False,True,False,False,False,False,True,False,False,False
23,1,0,2101,13,True,False,False,True,False,False,False,False,False,False,True,False,False
28,2,0,4169,24,False,True,False,True,False,False,False,False,False,True,False,False,False
31,1,0,1521,10,False,True,False,True,False,False,False,False,False,True,False,False,False
24,2,0,5743,24,True,False,True,False,False,False,False,False,True,False,False,False,False
26,1,0,3599,21,True,False,False,False,True,False,False,False,False,True,False,False,False
25,2,2,3213,18,False,True,False,False,True,False,False,False,False,False,True,False,False
33,3,0,4439,18,False,True,False,True,False,True,False,False,False,False,False,False,False
37,1,0,3949,10,False,True,False,True,False,False,True,False,False,False,False,False,False
43,1,0,1459,15,True,False,False,True,False,False,False,False,False,False,True,False,False
23,2,0,882,13,False,True,False,True,False,False,False,False,False,False,True,False,False
23,0,2,3758,24,True,False,False,False,True,False,False,False,False,False,True,False,False
34,1,1,1743,6,False,True,False,True,False,True,False,False,False,False,False,False,False
32,2,3,1136,9,False,True,True,False,False,False,False,False,True,False,False,False,False
23,2,0,1236,9,True,False,False,False,True,False,False,True,False,False,False,False,False
29,2,0,959,9,True,False,False,True,False,False,False,False,False,True,False,False,False
28,2,0,6199,12,False,True,False,False,True,False,False,False,False,False,True,False,False
46,2,2,727,10,False,True,True,False,False,False,False,False,True,False,False,False,False
23,1,0,1246,24,False,True,False,True,False,False,True,False,False,False,False,False,False
26,3,0,4463,36,False,True,False,True,False,False,False,False,False,False,True,False,False
28,2,0,776,12,False,True,False,True,False,False,False,False,False,False,True,False,False
23,2,0,2406,30,True,False,False,False,True,False,False,False,False,True,False,False,False
36,2,0,2247,12,True,False,False,True,False,False,True,False,False,False,False,False,False
21,2,0,1766,6,False,True,False,False,True,False,False,False,False,True,False,False,False
25,0,0,2473,18,False,True,False,True,False,False,False,False,False,True,False,False,False
36,2,0,1542,12,False,True,False,True,False,True,False,False,False,False,False,False,False
27,2,0,3850,18,False,True,False,True,False,False,True,False,False,False,False,False,False
22,2,0,3650,18,True,False,False,False,True,False,False,False,False,True,False,False,False
42,2,0,3446,36,False,True,False,True,False,False,False,False,False,True,False,False,False
40,2,0,3001,18,True,False,False,False,True,False,False,False,False,True,False,False,False
33,2,0,6070,18,False,True,False,True,False,False,False,False,False,False,True,False,False
23,2,0,2146,10,True,False,False,False,True,False,False,False,False,True,False,False,False
34,2,0,2320,18,False,True,False,True,False,False,False,False,False,False,True,False,False
52,1,1,362,6,True,False,False,True,False,False,True,False,False,False,False,False,False
26,2,0,1330,12,False,True,False,True,False,False,True,False,False,False,False,False,False
26,1,1,4272,30,False,True,False,True,False,True,False,False,False,False,False,False,False
25,2,0,2238,18,True,False,False,True,False,False,False,False,False,False,True,False,False
40,3,0,7374,18,False,True,False,True,False,False,False,False,False,True,False,False,False
27,2,2,2326,15,False,True,False,True,False,True,False,False,False,False,False,False,False
27,2,0,1449,9,True,False,False,True,False,True,False,False,False,False,False,False,False
30,3,0,1820,18,False,True,False,True,False,False,True,False,False,False,False,False,False
19,1,3,983,12,True,False,False,False,True,False,False,False,False,True,False,False,False
39,3,0,3249,36,False,True,True,False,False,False,True,False,False,False,False,False,False
31,2,0,1957,6,True,False,False,True,False,False,False,False,False,False,True,False,False
31,3,0,2406,9,False,True,False,True,False,False,False,False,False,True,False,False,False
55,3,0,2578,12,True,False,True,False,False,False,False,False,False,True,False,False,False
46,2,0,2348,36,False,True,False,True,False,False,False,False,False,True,False,False,False
46,2,0,1223,12,False,True,False,False,True,False,True,False,False,False,False,False,False
43,1,3,1516,24,True,False,False,True,False,False,False,False,False,False,True,False,False
39,2,0,1473,18,False,True,False,True,False,False,False,False,False,False,True,False,False
27,1,0,802,14,False,True,False,True,False,False,True,False,False,False,False,False,False
22,2,0,2039,24,False,True,False,True,False,False,False,False,False,False,True,False,False
27,2,0,1053,15,False,True,False,True,False,False,False,False,False,False,True,False,False
26,3,2,3235,24,False,True,False,True,False,False,False,False,False,False,True,False,False
28,2,2,939,12,False,True,False,True,False,False,True,False,False,False,False,False,False
20,2,0,1967,24,True,False,False,True,False,False,False,False,False,False,True,False,False
35,3,0,7253,33,False,True,False,True,False,False,True,False,False,False,False,False,False
42,3,0,2292,12,False,True,False,True,False,True,False,False,False,False,False,False,False
40,1,2,1597,10,False,True,False,False,True,False,True,False,False,False,False,False,False
35,2,0,5842,36,False,True,False,True,False,False,True,False,False,False,False,False,False
33,1,0,2579,12,False,True,False,True,False,False,True,False,False,False,False,False,False
31,3,2,2782,21,True,False,False,True,False,False,True,False,False,False,False,False,False
20,2,3,3186,15,True,False,False,False,True,False,True,False,False,False,False,False,False
47,1,0,958,12,False,True,False,True,False,False,True,False,False,False,False,False,False
34,3,1,1591,21,False,True,False,True,False,False,False,False,False,True,False,False,False
21,2,0,2779,18,False,True,False,False,True,False,True,False,False,False,False,False,False
29,2,0,2743,28,False,True,False,True,False,False,False,False,False,False,True,False,False
46,2,3,1149,18,False,True,False,True,False,False,False,False,False,False,True,False,False
20,2,0,1313,9,False,True,False,True,False,False,False,False,False,True,False,False,False
55,0,0,1190,18,True,False,True,False,False,False,False,False,False,False,False,True,False
74,1,0,3448,5,False,True,False,True,False,True,False,False,False,False,False,False,False
36,3,0,1872,6,False,True,True,False,False,False,False,False,False,True,False,False,False
33,2,0,2058,24,False,True,False,True,False,False,False,False,False,False,False,True,False
25,2,0,2136,9,False,True,False,True,False,False,False,False,False,True,False,False,False
23,1,2,660,6,False,True,False,False,True,False,False,False,False,False,False,True,False
37,2,3,1287,24,True,False,False,True,False,False,True,False,False,False,False,False,False
65,0,0,3394,42,False,True,False,True,False,False,False,False,False,False,False,True,False
26,0,0,609,12,True,False,False,True,False,True,False,False,False,False,False,False,False
39,3,0,1884,12,False,True,False,True,False,False,True,False,False,False,False,False,False
30,2,0,1620,12,True,False,False,True,False,False,False,False,False,True,False,False,False
29,2,0,2629,20,False,True,False,True,False,False,False,False,False,False,False,False,True
41,1,0,719,12,False,True,False,True,False,False,False,False,True,False,False,False,False
30,3,0,5096,48,True,False,False,True,False,False,False,False,False,True,False,False,False
34,2,0,1842,36,True,False,False,True,False,False,True,False,False,False,False,False,False
35,2,0,2576,7,False,True,False,True,False,False,False,False,False,False,True,False,False
61,2,3,1512,15,False,True,False,True,False,False,False,False,False,False,False,True,False
29,2,0,518,6,True,False,False,True,False,False,False,False,False,False,True,False,False
34,2,0,2759,12,False,True,False,True,False,False,False,False,False,True,False,False,False
35,3,0,2670,24,False,True,False,True,False,False,True,False,False,False,False,False,False
31,2,0,4817,24,False,True,False,True,False,False,True,False,False,False,False,False,False
29,3,0,2679,24,True,False,False,True,False,False,True,False,False,False,False,False,False
36,2,0,3905,11,False,True,False,False,True,False,True,False,False,False,False,False,False
35,2,0,3386,12,False,True,True,False,False,False,True,False,False,False,False,False,False
27,2,0,343,6,True,False,False,True,False,False,False,True,False,False,False,False,False
32,2,0,4594,18,False,True,False,True,False,False,False,False,False,False,True,False,False
37,2,0,3620,36,False,True,False,True,False,False,False,False,False,True,False,False,False
36,2,0,1721,15,False,True,False,True,False,False,True,False,False,False,False,False,False
34,3,0,3017,12,True,False,False,False,True,False,False,False,False,True,False,False,False
34,2,0,1950,18,False,True,False,True,False,True,False,False,False,False,False,False,False
63,2,0,2924,24,False,True,False,True,False,False,True,False,False,False,False,False,False
29,1,0,1659,24,True,False,False,False,True,False,False,False,False,False,True,False,False
26,2,0,2764,33,True,False,False,True,False,True,False,False,False,False,False,False,False
35,1,0,4679,24,False,True,False,True,False,False,True,False,False,False,False,False,False
22,2,1,3092,24,False,True,False,False,True,False,False,False,False,False,True,False,False
23,2,0,448,6,True,False,False,True,False,False,False,False,True,False,False,False,False
28,1,0,654,9,False,True,False,True,False,False,True,False,False,False,False,False,False
33,2,0,1245,18,False,True,False,True,False,False,False,False,False,False,True,False,False
26,2,0,3114,18,True,False,False,False,True,False,False,False,False,True,False,False,False
24,2,2,2569,39,False,True,False,True,False,False,True,False,False,False,False,False,False
25,2,0,5152,24,False,True,False,True,False,False,False,False,False,False,True,False,False
39,1,1,1037,12,False,True,False,True,False,True,False,False,False,False,False,False,False
44,2,0,1478,15,False,True,False,True,False,False,False,False,False,True,False,False,False
23,1,0,3573,12,True,False,False,True,False,False,False,False,False,False,True,False,False
26,2,0,1201,24,False,True,False,True,False,False,True,False,False,False,False,False,False
57,2,3,3622,30,True,False,False,False,True,False,False,False,False,True,False,False,False
30,2,3,960,15,True,False,False,True,False,False,False,False,False,True,False,False,False
44,2,2,1163,12,False,True,False,True,False,False,True,False,False,False,False,False,False
47,3,0,1209,6,False,True,False,True,False,False,True,False,False,False,False,False,False
52,2,0,3077,12,False,True,False,True,False,False,False,False,False,False,True,False,False
62,2,0,3757,24,True,False,True,False,False,False,True,False,False,False,False,False,False
35,1,1,1418,10,False,True,False,False,True,False,True,False,False,False,False,False,False
26,2,0,3518,6,False,True,False,False,True,False,True,False,False,False,False,False,False
26,2,0,1934,12,False,True,False,True,False,False,False,False,False,False,True,False,False
27,2,1,1237,6,True,False,False,True,False,False,False,False,False,False,True,False,False
39,1,0,2122,12,False,True,False,False,True,False,True,False,False,False,False,False,False
40,2,0,1585,24,False,True,False,True,False,False,False,False,False,True,False,False,False
32,1,0,1301,18,False,True,False,True,False,False,False,False,False,False,True,False,False
28,2,1,1323,6,False,True,False,True,False,False,True,False,False,False,False,False,False
27,2,0,3123,24,True,False,False,True,False,False,True,False,False,False,False,False,False
42,2,0,5493,36,False,True,True,False,False,False,True,False,False,False,False,False,False
49,2,1,1126,9,False,True,False,True,False,False,False,False,False,False,True,False,False
38,2,1,1216,24,False,True,False,True,False,False,False,False,False,False,True,False,False
24,2,0,1207,24,True,False,False,False,True,False,True,False,False,False,False,False,False
36,2,2,2360,15,False,True,False,True,False,False,True,False,False,False,False,False,False
34,3,1,6850,15,False,True,False,True,False,False,True,False,False,False,False,False,False
28,2,0,1413,24,False,True,False,True,False,False,False,False,False,False,True,False,False
26,2,0,759,12,False,True,False,True,False,False,True,False,False,False,False,False,False
32,3,0,4686,36,False,True,True,False,False,False,True,False,False,False,False,False,False
26,2,0,2687,15,False,True,False,False,True,True,False,False,False,False,False,False,False
20,2,0,585,12,False,True,False,False,True,False,False,False,False,False,True,False,False
37,2,0,609,6,True,False,False,True,False,False,True,False,False,False,False,False,False
40,1,0,1361,6,False,True,False,True,False,False,True,False,False,False,False,False,False
23,2,0,7127,36,True,False,False,False,True,False,False,False,False,True,False,False,False
43,2,1,1203,6,False,True,False,True,False,False,True,False,False,False,False,False,False
44,2,0,5507,24,False,True,True,False,False,False,False,False,False,False,False,True,False
24,2,0,3190,18,True,False,False,True,False,False,False,False,False,False,True,False,False
53,2,0,7119,48,False,True,True,False,False,False,False,False,False,True,False,False,False
23,2,1,3488,24,True,False,False,True,False,False,True,False,False,False,False,False,False
26,1,0,1113,18,True,False,False,True,False,False,False,False,False,False,True,False,False
31,2,1,1532,15,True,False,False,True,False,False,False,False,True,False,False,False,False
42,1,0,1503,4,False,True,False,True,False,False,False,False,False,False,True,False,False
31,2,0,2302,36,False,True,False,False,True,False,False,False,False,False,True,False,False
41,1,0,662,6,False,True,False,True,False,False,True,False,False,False,False,False,False
32,2,0,2273,36,False,True,False,True,False,False,False,False,True,False,False,False,False
28,2,1,2631,15,True,False,False,False,True,False,True,False,False,False,False,False,False
41,2,0,1503,12,False,True,False,False,True,False,True,False,False,False,False,False,False
26,2,1,1311,24,False,True,False,True,False,False,False,False,False,False,True,False,False
33,2,0,2319,21,False,True,False,False,True,False,False,False,True,False,False,False,False
37,2,0,3612,18,True,False,False,True,False,False,False,False,False,True,False,False,False
45,1,0,3049,18,True,False,False,True,False,False,False,False,False,True,False,False,False
23,2,0,1534,12,False,True,False,False,True,False,False,False,False,False,True,False,False
60,2,0,2032,24,False,True,True,False,False,False,True,False,False,False,False,False,False
34,1,0,2864,18,False,True,False,True,False,False,False,False,False,True,False,False,False
61,1,0,1255,12,False,True,False,True,False,False,True,False,False,False,False,False,False
43,2,0,1333,24,False,True,True,False,False,False,True,False,False,False,False,False,False
37,2,0,2022,24,True,False,False,True,False,False,True,False,False,False,False,False,False
32,2,0,1552,24,False,True,False,True,False,False,False,False,False,False,True,False,False
24,1,0,626,12,True,False,False,True,False,False,False,False,False,False,True,False,False
45,1,2,1750,6,False,True,False,True,False,False,False,False,False,False,True,False,False
34,2,0,6999,48,False,True,False,True,False,False,False,False,False,False,True,False,False
27,2,1,1995,12,False,True,False,True,False,False,True,False,False,False,False,False,False
67,3,0,1199,9,True,False,False,True,False,False,False,False,True,False,False,False,False
22,2,0,1331,12,False,True,False,True,False,False,False,False,False,False,True,False,False
28,2,1,2278,18,True,False,False,True,False,False,True,False,False,False,False,False,False
27,2,0,3552,24,False,True,False,True,False,False,False,False,False,True,False,False,False
31,1,0,1928,18,False,True,False,True,False,False,False,False,False,True,False,False,False
24,1,0,1546,24,False,True,False,False,True,False,False,False,False,False,True,False,False
29,2,0,683,6,True,False,False,True,False,False,False,False,False,False,True,False,False
23,2,1,1553,24,True,False,False,False,True,False,False,False,False,False,True,False,False
36,2,0,1372,12,False,True,False,True,False,False,True,False,False,False,False,False,False
34,2,3,2578,24,False,True,False,True,False,False,False,False,False,False,True,False,False
31,2,0,6758,48,True,False,False,True,False,False,False,False,False,False,True,False,False
23,1,0,3234,24,True,False,False,False,True,False,False,False,False,True,False,False,False
38,2,0,5954,30,False,True,False,True,False,False,False,False,False,False,True,False,False
22,1,0,806,15,True,False,False,True,False,True,False,False,False,False,False,False,False
27,1,0,1082,9,False,True,False,True,False,False,False,False,False,False,True,False,False
24,2,0,2788,15,True,False,False,True,False,False,False,False,False,True,False,False,False
27,2,0,2930,12,True,False,False,True,False,False,False,False,False,False,True,False,False
27,2,0,2820,36,False,True,False,True,False,False,True,False,False,False,False,False,False
27,1,0,937,24,False,True,False,True,False,False,False,False,True,False,False,False,False
30,2,0,1056,18,False,True,False,True,False,False,True,False,False,False,False,False,False
49,1,0,3124,12,False,True,False,True,False,False,True,False,False,False,False,False,False
26,2,0,1388,9,True,False,False,False,True,False,False,False,False,True,False,False,False
33,1,0,2384,36,False,True,False,False,True,False,False,False,False,False,False,True,False
20,2,0,2039,18,True,False,False,False,True,False,False,False,False,True,False,False,False
36,2,0,2799,9,False,True,False,False,True,False,True,False,False,False,False,False,False
21,1,0,1289,12,False,True,False,True,False,False,False,False,False,True,False,False,False
47,1,0,1217,18,False,True,False,True,False,False,False,True,False,False,False,False,False
60,2,0,2246,12,False,True,False,True,False,False,False,False,False,True,False,False,False
58,1,0,385,12,True,False,False,True,False,False,False,False,False,False,True,False,False
36,1,3,1572,21,True,False,False,True,False,True,False,False,False,False,False,False,False
20,1,0,2718,24,True,False,False,False,True,False,True,False,False,False,False,False,False
32,1,1,931,6,True,False,False,True,False,False,True,False,False,False,False,False,False
23,2,0,1442,24,True,False,False,False,True,False,True,False,False,False,False,False,False
36,1,0,4241,24,False,True,False,True,False,True,False,False,False,False,False,False,False
31,2,0,2775,18,False,True,False,True,False,False,True,False,False,False,False,False,False
32,2,0,3863,24,False,True,True,False,False,True,False,False,False,False,False,False,False
45,2,0,2329,7,True,False,False,True,False,False,False,False,False,False,True,False,False
30,2,0,918,9,True,False,False,True,False,False,False,False,False,True,False,False,False
34,1,0,1837,24,True,False,True,False,False,False,False,False,True,False,False,False,False
28,3,0,3349,36,True,False,False,True,False,False,False,False,False,True,False,False,False
23,2,0,1275,10,True,False,False,True,False,False,False,False,False,True,False,False,False
22,2,2,2828,24,False,True,False,True,False,False,False,False,False,True,False,False,False
74,3,0,4526,24,False,True,False,True,False,True,False,False,False,False,False,False,False
50,2,1,2671,36,True,False,True,False,False,False,False,False,False,False,True,False,False
33,2,0,2051,18,False,True,False,True,False,False,False,False,False,False,True,False,False
22,2,1,741,12,True,False,False,True,False,False,False,True,False,False,False,False,False
48,1,1,1240,10,True,False,True,False,False,False,True,False,False,False,False,False,False
29,2,3,3357,21,True,False,False,True,False,False,False,False,False,False,True,False,False
22,2,0,3632,24,True,False,False,False,True,False,True,False,False,False,False,False,False
22,2,0,1808,18,True,False,False,True,False,False,False,False,False,True,False,False,False
37,2,0,3676,6,False,True,False,False,True,False,True,False,False,False,False,False,False
21,2,1,3441,30,True,False,False,False,True,False,False,False,False,True,False,False,False
49,1,0,640,12,False,True,False,True,False,False,True,False,False,False,False,False,False
27,2,0,3652,21,False,True,False,True,False,True,False,False,False,False,False,False,False
32,2,0,1530,18,False,True,False,True,False,False,True,False,False,False,False,False,False
22,2,0,1858,12,True,False,False,False,True,False,False,False,False,True,False,False,False
65,2,0,2600,18,False,True,True,False,False,False,False,False,False,False,True,False,False
41,2,0,2116,6,False,True,False,True,False,False,False,False,False,True,False,False,False
29,2,1,1437,9,False,True,False,True,False,False,True,False,False,False,False,False,False
36,2,2,4042,42,False,True,False,True,False,False,False,False,False,True,False,False,False
28,2,0,3660,24,True,False,False,True,False,False,False,False,False,False,True,False,False
44,2,0,1553,18,False,True,False,True,False,False,False,False,False,True,False,False,False
19,2,0,1980,9,True,False,False,False,True,False,False,False,False,True,False,False,False
25,1,0,1355,24,True,False,False,True,False,False,True,False,False,False,False,False,False
47,2,0,1393,12,False,True,False,True,False,False,False,False,True,False,False,False,False
28,2,2,1376,24,True,False,False,True,False,False,False,False,False,False,True,False,False
34,2,0,1493,12,True,False,False,True,False,False,False,False,False,False,True,False,False
26,2,0,4370,42,False,True,False,True,False,False,False,False,False,False,True,False,False
27,0,0,750,18,True,False,False,True,False,False,False,False,True,False,False,False,False
38,1,0,1308,15,False,True,False,True,False,False,False,False,False,False,False,True,False
40,3,1,4623,15,False,True,False,True,False,False,False,False,True,False,False,False,False
33,2,0,1851,24,False,True,False,True,False,False,False,False,False,False,True,False,False
32,3,0,1880,18,False,True,False,True,False,False,False,False,False,False,True,False,False
32,2,0,4583,30,False,True,False,True,False,False,False,False,False,True,False,False,False
26,2,2,1386,12,True,False,False,True,False,False,True,False,False,False,False,False,False
38,2,0,947,24,False,True,True,False,False,False,True,False,False,False,False,False,False
40,1,0,684,12,False,True,False,False,True,False,False,False,True,False,False,False,False
50,3,0,7476,48,False,True,True,False,False,False,False,False,True,False,False,False,False
37,1,0,1922,12,False,True,False,True,False,False,False,False,False,True,False,False,False
45,2,0,2303,24,False,True,False,True,False,False,True,False,False,False,False,False,False
35,2,0,2346,24,False,True,False,True,False,False,True,False,False,False,False,False,False
22,2,0,3973,14,False,True,True,False,False,False,True,False,False,False,False,False,False
41,1,0,888,12,False,True,False,True,False,False,True,False,False,False,False,False,False
28,2,0,4221,30,True,False,False,True,False,True,False,False,False,False,False,False,False
41,2,0,6361,18,False,True,False,True,False,False,False,False,False,True,False,False,False
23,2,0,1297,12,False,True,False,False,True,False,False,False,False,False,True,False,False
50,2,0,2241,21,False,True,False,True,False,False,False,False,False,True,False,False,False
35,3,0,1050,6,False,True,False,True,False,False,False,False,False,True,False,False,False
50,1,0,1047,6,True,False,False,True,False,False,False,False,True,False,False,False,False
27,3,0,6314,24,False,True,False,True,False,False,False,False,False,False,False,False,True
34,2,3,3496,30,False,True,False,True,False,False,False,False,False,True,False,False,False
27,2,0,3609,48,True,False,False,True,False,True,False,False,False,False,False,False,False
43,2,0,4843,12,False,True,False,False,True,False,True,False,False,False,False,False,False
47,2,0,3017,30,False,True,False,True,False,False,False,False,False,False,True,False,False
27,1,1,4139,24,False,True,False,True,False,True,False,False,False,False,False,False,False
31,2,1,5742,36,False,True,False,True,False,True,False,False,False,False,False,False,False
24,2,2,2080,6,False,True,False,True,False,False,True,False,False,False,False,False,False
41,1,2,2580,21,False,True,False,True,False,True,False,False,False,False,False,False,False
26,3,0,4530,30,True,False,False,False,True,False,False,False,False,False,True,False,False
33,2,0,5150,24,False,True,False,True,False,False,False,False,False,True,False,False,False
24,2,1,5595,72,False,True,False,True,False,False,False,False,False,False,True,False,False
64,1,0,2384,24,False,True,False,False,True,False,False,False,False,False,True,False,False
26,2,0,1453,18,True,False,False,True,False,False,False,False,False,False,True,False,False
56,2,0,1538,6,True,False,False,True,False,False,False,False,True,False,False,False,False
33,2,0,1478,15,False,True,False,True,False,False,False,False,False,False,True,False,False
47,2,0,5103,24,False,True,True,False,False,False,False,False,False,False,True,False,False
30,2,1,2862,36,False,True,True,False,False,False,True,False,False,False,False,False,False
35,2,1,2753,9,False,True,False,True,False,False,False,False,False,False,True,False,False
31,2,3,3651,12,False,True,False,True,False,False,True,False,False,False,False,False,False
25,2,0,975,15,False,True,False,True,False,False,False,False,False,True,False,False,False
25,1,1,2631,15,True,False,False,True,False,False,False,False,False,False,False,True,False
29,2,1,2896,24,False,True,False,True,False,False,False,False,False,False,True,False,False
28,2,0,2284,24,False,True,False,True,False,False,False,False,False,False,True,False,False
50,2,2,1236,6,False,True,False,False,True,False,True,False,False,False,False,False,False
29,2,0,1103,12,False,True,False,True,False,False,False,False,False,False,True,False,False
38,0,0,926,12,True,False,False,True,False,False,True,False,False,False,False,False,False
24,2,0,1800,18,False,True,False,True,False,False,False,False,False,False,True,False,False
40,3,0,1905,15,False,True,False,False,True,False,False,False,True,False,False,False,False
29,1,2,1123,12,True,False,False,False,True,False,False,False,False,True,False,False,False
46,2,0,6331,48,False,True,True,False,False,False,True,False,False,False,False,False,False
47,2,1,1377,24,True,False,True,False,False,False,False,False,False,False,True,False,False
41,2,1,2503,30,False,True,False,True,False,True,False,False,False,False,False,False,False
32,2,0,2528,27,True,False,False,True,False,True,False,False,False,False,False,False,False
35,2,2,5324,15,True,False,True,False,False,False,True,False,False,False,False,False,False
24,2,1,6560,48,False,True,False,True,False,False,True,False,False,False,False,False,False
25,2,0,2969,12,True,False,False,False,True,False,False,False,False,True,False,False,False
25,2,0,1206,9,True,False,False,True,False,False,False,False,False,False,True,False,False
37,1,0,2118,9,False,True,False,True,False,False,False,False,False,False,True,False,False
32,3,2,629,18,False,True,False,True,False,False,False,False,False,False,True,False,False
35,2,0,1198,6,True,False,True,False,False,False,False,False,True,False,False,False,False
25,1,0,1138,9,False,True,False,True,False,False,False,False,False,False,True,False,False
32,3,0,1505,18,False,True,True,False,False,False,False,False,False,False,True,False,False
31,2,1,6148,20,False,True,False,True,False,False,True,False,False,False,False,False,False
34,3,0,1337,9,False,True,False,True,False,False,False,False,False,False,True,False,False
24,2,3,433,6,True,False,False,False,True,False,False,False,True,False,False,False,False
24,1,0,1228,12,True,False,False,True,False,False,True,False,False,False,False,False,False
66,1,2,790,9,True,False,False,True,False,False,False,False,False,False,True,False,False
21,2,0,2570,27,True,False,False,False,True,False,True,False,False,False,False,False,False
41,1,3,250,6,True,False,False,True,False,False,True,False,False,False,False,False,False
47,1,2,1316,15,False,True,False,True,False,False,False,False,False,False,True,False,False
25,2,0,1882,18,True,False,False,False,True,False,False,False,False,False,True,False,False
59,2,0,6416,48,True,False,False,False,True,True,False,False,False,False,False,False,False
36,2,3,1275,24,False,True,False,True,False,True,False,False,False,False,False,False,False
33,2,0,6403,24,False,True,False,True,False,False,False,False,False,False,True,False,False
21,1,0,1987,24,False,True,False,False,True,False,False,False,False,False,True,False,False
44,1,0,760,8,True,False,False,True,False,False,False,False,False,False,True,False,False
28,2,3,2603,24,True,False,False,False,True,False,True,False,False,False,False,False,False
37,2,0,3380,4,True,False,False,True,False,False,True,False,False,False,False,False,False
35,1,1,4380,18,False,True,False,True,False,False,True,False,False,False,False,False,False
45,3,0,6761,6,False,True,False,True,False,False,True,False,False,False,False,False,False
26,1,1,4280,30,True,False,False,False,True,True,False,False,False,False,False,False,False
32,2,1,2325,24,False,True,False,True,False,False,True,False,False,False,False,False,False
23,1,0,1048,10,False,True,False,True,False,False,False,False,False,False,True,False,False
22,2,2,2483,24,False,True,False,True,False,False,False,False,False,True,False,False,False
28,1,0,1797,13,False,True,False,True,False,True,False,False,False,False,False,False,False
23,2,0,2511,15,True,False,False,False,True,False,True,False,False,False,False,False,False
37,1,0,1274,12,True,False,False,True,False,False,True,False,False,False,False,False,False
33,2,0,3029,15,False,True,False,True,False,False,True,False,False,False,False,False,False
49,2,0,428,6,True,False,False,True,False,False,False,False,False,True,False,False,False
23,1,0,976,18,True,False,False,True,False,False,True,False,False,False,False,False,False
23,1,1,841,12,True,False,False,False,True,True,False,False,False,False,False,False,False
25,2,0,5771,30,True,False,False,True,False,False,False,False,False,False,True,False,False
55,2,3,1555,12,False,True,True,False,False,False,False,False,False,False,False,True,False
74,0,0,1299,6,False,True,False,True,False,False,True,False,False,False,False,False,False
31,2,0,1393,24,False,True,False,True,False,False,True,False,False,False,False,False,False
35,2,0,691,12,False,True,False,True,False,False,True,False,False,False,False,False,False
24,2,0,2124,18,True,False,False,False,True,False,False,False,False,True,False,False,False
24,1,0,2214,12,False,True,False,True,False,False,False,False,False,False,True,False,False
27,2,1,2463,24,False,True,False,True,False,False,True,False,False,False,False,False,False
40,1,0,1155,12,False,True,False,True,False,False,False,False,False,False,True,False,False
31,1,0,3108,30,False,True,False,True,False,False,False,False,False,True,False,False,False
28,2,0,3617,12,False,True,False,False,True,False,False,False,False,True,False,False,False
63,1,0,1655,12,False,True,False,True,False,False,False,False,False,False,True,False,False
36,3,0,3275,21,False,True,False,True,False,False,True,False,False,False,False,False,False
52,2,1,2223,24,False,True,False,True,False,False,False,False,False,False,True,False,False
66,0,2,1480,12,False,True,True,False,False,False,True,False,False,False,False,False,False
37,2,0,3535,36,False,True,False,True,False,False,True,False,False,False,False,False,False
25,2,0,3509,18,True,False,False,True,False,False,False,False,False,False,True,False,False
38,3,3,5711,36,False,True,False,True,False,False,True,False,False,False,False,False,False
67,2,0,3872,18,True,False,False,True,False,False,False,False,False,False,False,True,False
25,2,0,4933,39,False,True,False,True,False,False,False,False,False,False,True,False,False
60,2,3,1940,24,False,True,False,True,False,False,True,False,False,False,False,False,False
31,1,0,1410,12,False,True,False,True,False,False,False,False,True,False,False,False,False
23,1,1,836,12,True,False,False,True,False,False,True,False,False,False,False,False,False
35,1,3,1941,18,False,True,False,True,False,True,False,False,False,False,False,False,False
40,2,2,2675,22,False,True,False,True,False,False,False,False,False,False,True,False,False
50,2,0,6224,48,False,True,True,False,False,False,False,False,True,False,False,False,False
27,2,0,5998,40,False,True,False,True,False,False,False,False,True,False,False,False,False
39,2,0,1188,21,True,False,False,True,False,True,False,False,False,False,False,False,False
51,2,0,2892,24,False,True,True,False,False,False,False,False,False,True,False,False,False
32,2,2,3062,24,False,True,False,False,True,False,False,False,False,True,False,False,False
22,2,1,2301,9,True,False,False,False,True,False,False,False,False,True,False,False,False
22,1,0,1258,12,True,False,False,False,True,False,False,False,False,True,False,False,False
54,2,0,1597,24,False,True,True,False,False,False,False,False,True,False,False,False,False
48,1,0,1795,18,True,False,False,False,True,False,False,False,False,False,True,False,False
24,2,0,4272,20,True,False,False,True,False,False,False,False,False,True,False,False,False
26,1,0,590,6,False,True,False,True,False,False,False,False,False,False,True,False,False
26,0,0,1778,15,True,False,False,False,True,False,True,False,False,False,False,False,False
26,2,0,907,8,False,True,False,True,False,True,False,False,False,False,False,False,False
28,1,0,484,6,False,True,False,True,False,False,False,False,False,False,True,False,False
54,2,0,3051,48,False,True,False,True,False,False,False,True,False,False,False,False,False
46,2,0,3931,48,False,True,True,False,False,False,True,False,False,False,False,False,False
54,2,0,7432,36,True,False,False,False,True,False,True,False,False,False,False,False,False
62,2,2,1338,6,False,True,False,True,False,False,False,True,False,False,False,False,False
24,2,0,1554,6,True,False,False,False,True,False,False,False,False,False,True,False,False
26,2,0,1345,18,False,True,False,True,False,False,False,False,False,False,True,False,False
27,2,0,1101,12,False,True,False,True,False,False,True,False,False,False,False,False,False
24,2,0,3016,12,False,True,False,True,False,False,False,False,False,False,True,False,False
41,2,0,2712,36,False,True,False,True,False,False,False,False,False,True,False,False,False
47,1,0,731,8,False,True,False,True,False,False,True,False,False,False,False,False,False
35,3,0,3780,18,False,True,False,True,False,False,False,False,False,True,False,False,False
30,2,0,1602,21,False,True,False,True,False,False,True,False,False,False,False,False,False
33,2,0,3966,18,True,False,False,False,True,False,True,False,False,False,False,False,False
36,2,0,4165,18,False,True,False,True,False,True,False,False,False,False,False,False,False
44,2,2,2375,24,False,True,False,True,False,True,False,False,False,False,False,False,False
23,2,0,1216,18,True,False,False,False,True,False,True,False,False,False,False,False,False
25,1,0,2327,15,True,False,False,True,False,False,False,False,False,False,True,False,False
48,2,0,1082,12,False,True,False,True,False,False,True,False,False,False,False,False,False
23,1,0,601,4,True,False,False,False,True,False,False,False,False,True,False,False,False
63,2,0,2957,24,False,True,False,True,False,False,True,False,False,False,False,False,False
46,2,0,2611,24,False,True,False,True,False,False,False,False,False,False,True,False,False
29,2,0,5179,36,False,True,False,True,False,False,False,False,False,True,False,False,False
28,1,0,2993,21,False,True,False,True,False,False,True,False,False,False,False,False,False
23,2,0,1943,18,True,False,False,True,False,False,False,False,False,False,False,True,False
50,2,0,1559,24,False,True,False,True,False,True,False,False,False,False,False,False,False
47,2,0,3422,18,False,True,False,True,False,False,False,False,False,True,False,False,False
28,2,0,1249,24,False,True,False,True,False,False,True,False,False,False,False,False,False
59,2,0,1364,9,False,True,False,True,False,False,False,False,False,False,True,False,False
57,1,0,709,12,False,True,False,True,False,False,False,False,False,False,True,False,False
33,2,0,2235,20,False,True,False,False,True,False,True,False,False,False,False,False,False
35,2,0,1471,15,False,True,True,False,False,False,False,False,False,False,True,False,False
32,1,0,1442,18,False,True,True,False,False,False,True,False,False,False,False,False,False
33,2,1,1474,24,False,True,False,True,False,False,True,False,False,False,False,False,False
28,2,0,3343,15,False,True,True,False,False,False,False,False,False,True,False,False,False
29,2,0,3959,15,True,False,False,True,False,False,True,False,False,False,False,False,False
26,2,1,3577,9,False,True,False,False,True,False,True,False,False,False,False,False,False
27,2,3,5804,24,False,True,False,True,False,False,True,False,False,False,False,False,False
28,2,0,2169,18,False,True,False,True,False,True,False,False,False,False,False,False,False
35,2,0,2439,24,True,False,False,True,False,False,False,False,False,False,True,False,False
32,1,3,4526,27,False,True,False,True,False,False,False,False,False,True,False,False,False
25,1,0,2210,10,False,True,False,False,True,False,False,False,False,True,False,False,False
20,2,2,2221,15,True,False,False,False,True,False,False,False,False,True,False,False,False
27,2,0,2389,18,True,False,False,True,False,False,False,False,False,False,True,False,False
42,2,0,3331,12,False,True,False,True,False,False,False,False,False,True,False,False,False
24,2,0,652,12,True,False,False,False,True,False,False,False,False,True,False,False,False
46,2,0,1343,6,False,True,False,True,False,False,True,False,False,False,False,False,False
26,2,1,1382,24,False,True,False,True,False,True,False,False,False,False,False,False,False
29,1,0,3590,12,False,True,False,True,False,False,False,False,False,True,False,False,False
40,2,3,1322,11,True,False,False,True,False,False,True,False,False,False,False,False,False
36,3,0,1940,18,False,True,True,False,False,False,False,False,False,False,True,False,False
28,2,0,3595,36,False,True,False,True,False,False,False,False,False,False,True,False,False
27,3,0,1422,9,False,True,True,False,False,False,True,False,False,False,False,False,False
65,0,0,1098,18,True,False,False,True,False,False,False,False,False,False,True,False,False
43,2,0,4057,24,False,True,False,True,False,False,False,False,False,True,False,False,False
53,2,0,795,12,True,False,False,True,False,False,False,False,True,False,False,False,False
34,3,0,6614,36,False,True,False,True,False,False,True,False,False,False,False,False,False
43,3,0,2442,27,False,True,False,True,False,True,False,False,False,False,False,False,False
46,2,0,1829,15,False,True,False,True,False,False,False,False,False,False,True,False,False
38,1,0,2171,12,False,True,False,True,False,False,True,False,False,False,False,False,False
34,2,0,5800,36,False,True,False,True,False,False,True,False,False,False,False,False,False
28,3,0,2606,21,True,False,False,False,True,False,False,False,False,False,True,False,False
35,2,3,1592,12,True,False,False,True,False,False,False,False,False,True,False,False,False
42,2,0,4153,18,False,True,False,True,False,False,False,False,False,True,False,False,False
43,2,0,2625,16,False,True,False,False,True,False,True,False,False,False,False,False,False
36,3,0,1278,24,False,True,False,True,False,False,False,False,False,False,True,False,False
20,3,0,1107,12,False,True,False,False,True,False,False,False,False,False,True,False,False
46,1,0,3594,15,True,False,False,True,False,False,True,False,False,False,False,False,False
34,2,0,4454,36,True,False,False,True,False,False,False,False,False,False,True,False,False
25,1,0,4736,24,True,False,False,True,False,False,False,False,False,True,False,False,False
28,2,3,2142,11,False,True,False,True,False,True,False,False,False,False,False,False,False
31,2,0,3161,24,False,True,False,False,True,True,False,False,False,False,False,False,False
32,2,1,2848,10,False,True,False,True,False,False,True,False,False,False,False,False,False
33,2,1,2359,24,False,True,False,True,False,False,False,False,False,True,False,False,False
39,3,0,3345,24,False,True,False,False,True,False,False,False,False,True,False,False,False
28,2,0,1817,18,True,False,False,True,False,False,False,False,False,True,False,False,False
22,2,0,1366,9,True,False,False,False,True,False,False,False,False,False,True,False,False
30,2,0,2002,12,False,True,False,False,True,False,True,False,False,False,False,False,False
55,2,0,6872,24,False,True,False,True,False,False,False,False,False,True,False,False,False
46,2,0,697,12,False,True,False,True,False,False,True,False,False,False,False,False,False
21,2,0,1049,18,True,False,False,False,True,False,False,False,False,True,False,False,False
43,1,0,1344,12,False,True,False,True,False,False,True,False,False,False,False,False,False
24,1,0,1747,24,False,True,False,True,False,False,False,False,False,True,False,False,False
22,2,0,1670,9,True,False,False,True,False,False,False,False,False,False,True,False,False
30,2,0,1224,9,False,True,False,True,False,False,True,False,False,False,False,False,False
42,2,2,522,12,False,True,False,True,False,False,False,False,False,False,True,False,False
23,2,0,1498,12,True,False,False,True,False,False,False,False,False,False,True,False,False
30,3,1,1919,30,False,True,False,True,False,False,False,False,False,False,True,False,False
28,1,0,745,9,True,False,False,True,False,False,False,False,False,False,True,False,False
30,3,0,2063,6,False,True,False,False,True,False,False,False,False,False,True,False,False
42,2,0,6288,60,False,True,True,False,False,False,False,False,True,False,False,False,False
31,1,0,1546,10,False,True,False,True,False,False,True,False,False,False,False,False,False
42,1,0,1455,4,False,True,False,True,False,False,True,False,False,False,False,False,False
46,2,0,1845,15,True,False,False,False,True,False,False,False,False,True,False,False,False
30,2,2,3349,24,False,True,True,False,False,False,False,False,False,True,False,False,False
43,1,0,1533,18,False,True,False,True,False,False,False,False,False,True,False,False,False
31,2,1,3621,24,False,True,False,True,False,False,False,False,False,False,True,False,False
40,0,0,3590,18,False,True,False,True,False,True,False,False,False,False,False,False,False
24,2,0,2145,36,False,True,False,True,False,True,False,False,False,False,False,False,False
28,2,2,4113,24,True,False,False,False,True,False,True,False,False,False,False,False,False
29,2,0,1893,12,True,False,False,True,False,False,True,False,False,False,False,False,False
57,3,3,1231,24,True,False,False,False,True,False,False,False,False,False,True,False,False
37,1,0,1154,9,False,True,False,True,False,False,False,False,False,False,True,False,False
45,1,0,4006,28,False,True,False,True,False,False,True,False,False,False,False,False,False
30,2,1,3069,24,False,True,True,False,False,False,False,False,False,True,False,False,False
30,2,0,1740,6,False,True,False,False,True,False,False,False,False,False,True,False,False
47,2,0,2353,21,False,True,False,True,False,False,True,False,False,False,False,False,False
35,2,2,2397,24,False,True,False,True,False,False,False,False,False,False,True,False,False
22,1,0,454,6,False,True,False,True,False,False,False,False,False,False,False,True,False
23,1,2,2520,27,False,True,False,True,False,False,False,False,False,False,True,False,False
54,3,0,3568,15,True,False,False,False,True,False,False,False,False,False,True,False,False
40,1,0,3939,11,False,True,False,True,False,False,True,False,False,False,False,False,False
22,2,1,1514,15,False,True,False,True,False,False,False,False,False,False,False,True,False
43,1,0,7393,24,False,True,False,True,False,False,True,False,False,False,False,False,False
29,0,0,1193,24,True,False,False,False,True,False,True,False,False,False,False,False,False
36,2,0,7297,60,False,True,False,False,True,True,False,False,False,False,False,False,False
33,2,0,2831,30,True,False,False,True,False,False,False,False,False,False,True,False,False
57,1,2,1258,24,True,False,False,True,False,False,False,False,False,False,True,False,False
64,2,0,753,6,True,False,False,True,False,False,False,False,False,False,True,False,False
47,1,0,2538,24,False,True,False,True,False,False,True,False,False,False,False,False,False
25,2,1,1264,15,False,True,False,False,True,False,True,False,False,False,False,False,False
33,3,0,4844,48,False,True,False,False,True,True,False,False,False,False,False,False,False
28,3,1,2923,21,True,False,False,True,False,False,True,False,False,False,False,False,False
30,1,0,2028,24,False,True,False,True,False,False,False,False,False,True,False,False,False
25,2,0,1433,15,True,False,False,False,True,False,False,False,False,True,False,False,False
33,2,0,6289,42,False,True,False,True,False,True,False,False,False,False,False,False,False
64,2,1,1409,13,True,False,False,True,False,False,False,False,False,False,True,False,False
29,3,0,6579,24,False,True,True,False,False,False,True,False,False,False,False,False,False
48,1,0,1743,24,False,True,False,True,False,False,False,False,False,False,True,False,False
34,1,1,1569,15,False,True,False,True,False,False,False,False,False,False,True,False,False
30,3,0,3959,36,False,True,False,True,False,False,False,False,False,True,False,False,False
31,1,0,1736,12,True,False,False,True,False,False,False,False,False,True,False,False,False
40,3,0,3857,30,False,True,False,True,False,False,True,False,False,False,False,False,False
38,2,0,804,12,False,True,False,True,False,False,False,False,False,False,True,False,False
23,2,0,1845,45,False,True,True,False,False,False,False,False,False,False,True,False,False
27,2,1,4576,45,False,True,False,True,False,False,True,False,False,False,False,False,False
